{
  "project_info": {
    "project_number": "984053263768",
    "project_id": "projectbrainvire",
    "storage_bucket": "projectbrainvire.appspot.com"
  },
  "client": [
    {
      "client_info": {
        "mobilesdk_app_id": "1:984053263768:android:8e57de89426e971eed4fed",
        "android_client_info": {
          "package_name": "com.example.projectbrainvire"
        }
      },
      "oauth_client": [
        {
          "client_id": "984053263768-kr6iaj1gmd9m9lui4jvbcjlldgp058to.apps.googleusercontent.com",
          "client_type": 3
        }
      ],
      "api_key": [
        {
          "current_key": "AIzaSyC8auTrFjkoN1a66zG3gIxt99Tx4kbAGp8"
        }
      ],
      "services": {
        "appinvite_service": {
          "other_platform_oauth_client": [
            {
              "client_id": "984053263768-kr6iaj1gmd9m9lui4jvbcjlldgp058to.apps.googleusercontent.com",
              "client_type": 3
            }
          ]
        }
      }
    }
  ],
  "configuration_version": "1"
}